{
  "confusion_matrix": {
    "tp": 1843,
    "fp": 3163,
    "tn": 3306,
    "fn": 1688
  },
  "precision": 0.36815821014782263,
  "recall": 0.5219484565278958,
  "f1_score": 0.43176759985943536,
  "accuracy": 0.5149,
  "correlation": -0.05576035706575983
}