{
  "timestamp": "20250913_133036",
  "baseline": {
    "loss": 0.6599643793973056,
    "accuracy": 0.7488532110091743
  },
  "ground_truth_stats": {
    "total": 10000,
    "detrimental": 3581,
    "beneficial": 6419
  },
  "hessian_performance": {
    "confusion_matrix": {
      "tp": 1772,
      "fp": 3159,
      "tn": 3260,
      "fn": 1809
    },
    "accuracy": 0.5032,
    "precision": 0.35935915635773674,
    "recall": 0.49483384529461044,
    "f1_score": 0.4163533834586466,
    "correlation": 0.03485666386101016
  },
  "collective_removal": {
    "num_removed": 3581,
    "baseline_loss": 0.6599643793973056,
    "collective_loss": 0.6589900168505582,
    "delta_loss": -0.0009743625467473205,
    "baseline_accuracy": 0.7488532110091743,
    "collective_accuracy": 0.7511467889908257,
    "delta_accuracy": 0.002293577981651307
  }
}