{
  "checkpoint": "models/baseline/checkpoint_50pct_baseline",
  "original_accuracy": 0.4954128440366973,
  "mft_accuracy": 0.5355504587155964,
  "improvement": 0.04013761467889909
}