{
  "checkpoint": "models/fft_checkpoints/checkpoint_85pct",
  "original_accuracy": 0.8646788990825688,
  "mft_accuracy": 0.8509174311926605,
  "improvement": -0.013761467889908285
}