{
  "checkpoint": "models/fft_checkpoints/checkpoint_60pct",
  "original_accuracy": 0.6055045871559633,
  "mft_accuracy": 0.6364678899082569,
  "improvement": 0.03096330275229353
}