{
  "checkpoint": "baseline_50pct",
  "baseline_metrics": {
    "accuracy": 0.4954128440366973,
    "precision": 0.509009009009009,
    "recall": 0.2545045045045045,
    "f1_score": 0.33933933933933935,
    "roc_auc": 0.553938284078471,
    "num_samples": 872,
    "avg_loss": 0.6903976649045944,
    "phase": "Baseline"
  },
  "mft_metrics": {
    "accuracy": 0.4908256880733945,
    "precision": 0.0,
    "recall": 0.0,
    "f1_score": 0.0,
    "roc_auc": 0.4706181064241812,
    "num_samples": 872,
    "avg_loss": 0.809416155729975,
    "phase": "After MFT"
  },
  "improvement": -0.00458715596330278,
  "analysis": {
    "total_params": 108891648,
    "detrimental_params": 40148196,
    "params_zeroed": 10037049
  }
}