{
  "timestamp": "20250912_195334",
  "model_checkpoint": "models/fft_checkpoints/checkpoint_75pct",
  "num_samples": 10000,
  "baseline_loss": 0.6599643793973056,
  "baseline_accuracy": 0.7488532110091743,
  "metrics": {
    "confusion_matrix": {
      "true_positives": 1720,
      "false_positives": 3208,
      "true_negatives": 3324,
      "false_negatives": 1748
    },
    "precision": 0.349025974025974,
    "recall": 0.49596309111880044,
    "f1_score": 0.40971891376846115,
    "accuracy": 0.5044,
    "correlation": -0.0025560743333443896,
    "mean_delta_accuracy": -0.0012284403669725258,
    "std_delta_accuracy": 0.0009390588350392977
  },
  "summary": {
    "total_parameters_sampled": 10000,
    "ground_truth_detrimental": 3468,
    "predicted_detrimental": 4928,
    "accuracy": 0.5044,
    "f1_score": 0.40971891376846115,
    "correlation": -0.0025560743333443896
  }
}