{
  "checkpoint": "models/fft_checkpoints/checkpoint_60pct",
  "original_accuracy": 0.6055045871559633,
  "mft_accuracy": 0.591743119266055,
  "improvement": -0.013761467889908285
}