{
  "checkpoint": "models/fft_checkpoints/checkpoint_75pct",
  "original_accuracy": 0.7798165137614679,
  "mft_accuracy": 0.7740825688073395,
  "improvement": -0.005733944954128378
}