{
  "checkpoint": "models/baseline/checkpoint_50pct_baseline",
  "original_accuracy": 0.4954128440366973,
  "mft_accuracy": 0.5091743119266054,
  "improvement": 0.013761467889908174
}