{
  "checkpoint": "models/fft_checkpoints/checkpoint_75pct",
  "original_accuracy": 0.7798165137614679,
  "mft_accuracy": 0.5091743119266054,
  "improvement": -0.27064220183486243
}