{
  "checkpoint": "models/fft_checkpoints/checkpoint_90pct",
  "original_accuracy": 0.9036697247706422,
  "mft_accuracy": 0.5091743119266054,
  "improvement": -0.3944954128440368
}