{
  "checkpoint": "models/fft_checkpoints/checkpoint_90pct",
  "original_accuracy": 0.9036697247706422,
  "mft_accuracy": 0.8899082568807339,
  "improvement": -0.013761467889908285
}